{
  "accuracy": 0.25,
  "report": {
    "Data Analyst": {
      "precision": 0.0,
      "recall": 0.0,
      "f1-score": 0.0,
      "support": 1.0
    },
    "Machine Learning Engineer": {
      "precision": 0.0,
      "recall": 0.0,
      "f1-score": 0.0,
      "support": 1.0
    },
    "Software Developer": {
      "precision": 0.0,
      "recall": 0.0,
      "f1-score": 0.0,
      "support": 1.0
    },
    "Web Developer": {
      "precision": 1.0,
      "recall": 1.0,
      "f1-score": 1.0,
      "support": 1.0
    },
    "accuracy": 0.25,
    "macro avg": {
      "precision": 0.25,
      "recall": 0.25,
      "f1-score": 0.25,
      "support": 4.0
    },
    "weighted avg": {
      "precision": 0.25,
      "recall": 0.25,
      "f1-score": 0.25,
      "support": 4.0
    }
  },
  "confusion_matrix": [
    [
      0,
      1,
      0,
      0
    ],
    [
      1,
      0,
      0,
      0
    ],
    [
      1,
      0,
      0,
      0
    ],
    [
      0,
      0,
      0,
      1
    ]
  ],
  "classes": [
    "Data Analyst",
    "Machine Learning Engineer",
    "Software Developer",
    "Web Developer"
  ]
}